Target,SQ,Cq
eASTR4,62500,22.44
eASTR4,62500,22.75
eASTR4,62500,22.37
eASTR4,62500,22.56
eASTR4,62500,22.29
eASTR4,62500,22.45
eASTR4,62500,22.51
eASTR4,62500,23.03
eASTR4,12500,24.84
eASTR4,12500,24.97
eASTR4,12500,24.8
eASTR4,12500,25.05
eASTR4,12500,24.79
eASTR4,12500,24.68
eASTR4,12500,24.65
eASTR4,12500,25.17
eASTR4,2500,27.08
eASTR4,2500,27.27
eASTR4,2500,27.16
eASTR4,2500,27.33
eASTR4,2500,27.16
eASTR4,2500,27.34
eASTR4,2500,27.17
eASTR4,2500,27.58
eASTR4,500,29.23
eASTR4,500,29.55
eASTR4,500,29.52
eASTR4,500,29.79
eASTR4,500,29.64
eASTR4,500,29.68
eASTR4,500,29.77
eASTR4,500,30.1
eASTR4,100,32.33
eASTR4,100,32.82
eASTR4,100,32.01
eASTR4,100,32.93
eASTR4,100,32.04
eASTR4,100,32.04
eASTR4,100,32.11
eASTR4,100,33.02
eASTR4,100,32.4
eASTR4,100,32.66
eASTR4,100,32.7
eASTR4,100,31.97
eASTR4,100,32.14
eASTR4,100,31.98
eASTR4,100,32.13
eASTR4,100,32.44
eASTR4,100,31.63
eASTR4,100,32.01
eASTR4,100,31.76
eASTR4,100,32.33
eASTR4,100,31.98
eASTR4,100,32.13
eASTR4,100,32.16
eASTR4,100,32.3
eASTR4,20,35.05
eASTR4,20,34.2
eASTR4,20,36.06
eASTR4,20,34.29
eASTR4,20,34.29
eASTR4,20,34.33
eASTR4,20,38.19
eASTR4,20,35.36
eASTR4,20,35.05
eASTR4,20,35.08
eASTR4,20,34.23
eASTR4,20,33.91
eASTR4,20,36.46
eASTR4,20,33.94
eASTR4,20,34.75
eASTR4,20,36.01
eASTR4,20,34.7
eASTR4,20,34.61
eASTR4,20,35.29
eASTR4,20,35.07
eASTR4,20,34.88
eASTR4,20,35.45
eASTR4,20,36.16
eASTR4,20,34.61
eASTR4,4,37.03
eASTR4,4,37.43
eASTR4,4,NA
eASTR4,4,37.12
eASTR4,4,37.24
eASTR4,4,37.62
eASTR4,4,36.52
eASTR4,4,NA
eASTR4,4,36.34
eASTR4,4,NA
eASTR4,4,37.42
eASTR4,4,36.94
eASTR4,4,NA
eASTR4,4,37.41
eASTR4,4,NA
eASTR4,4,36.83
eASTR4,4,36.04
eASTR4,4,35.78
eASTR4,4,36.84
eASTR4,4,37.51
eASTR4,4,36.52
eASTR4,4,36.29
eASTR4,4,36.62
eASTR4,4,38.33
eASTR4,0.8,36.59
eASTR4,0.8,36.86
eASTR4,0.8,37.3
eASTR4,0.8,37.68
eASTR4,0.8,38.2
eASTR4,0.8,NA
eASTR4,0.8,NA
eASTR4,0.8,NA
eASTR4,0.8,NA
eASTR4,0.8,NA
eASTR4,0.8,NA
eASTR4,0.8,NA
eASTR4,0.8,36.78
eASTR4,0.8,NA
eASTR4,0.8,37.68
eASTR4,0.8,NA
eASTR4,0.8,NA
eASTR4,0.8,35.56
eASTR4,0.8,NA
eASTR4,0.8,NA
eASTR4,0.8,NA
eASTR4,0.8,38.36
eASTR4,0.8,NA
eASTR4,0.8,NA
eASTR4,0.16,NA
eASTR4,0.16,37.98
eASTR4,0.16,NA
eASTR4,0.16,NA
eASTR4,0.16,NA
eASTR4,0.16,NA
eASTR4,0.16,NA
eASTR4,0.16,38.39
eASTR4,0.16,NA
eASTR4,0.16,NA
eASTR4,0.16,NA
eASTR4,0.16,37.31
eASTR4,0.16,NA
eASTR4,0.16,37.44
eASTR4,0.16,NA
eASTR4,0.16,NA
eASTR4,0.16,NA
eASTR4,0.16,NA
eASTR4,0.16,NA
eASTR4,0.16,NA
eASTR4,0.16,NA
eASTR4,0.16,NA
eASTR4,0.16,NA
eASTR4,0.16,NA
eASTR4,0.032,NA
eASTR4,0.032,NA
eASTR4,0.032,NA
eASTR4,0.032,NA
eASTR4,0.032,NA
eASTR4,0.032,NA
eASTR4,0.032,NA
eASTR4,0.032,NA
eASTR4,0.032,NA
eASTR4,0.032,NA
eASTR4,0.032,NA
eASTR4,0.032,NA
eASTR4,0.032,NA
eASTR4,0.032,NA
eASTR4,0.032,NA
eASTR4,0.032,NA
eASTR4,0.032,NA
eASTR4,0.032,NA
eASTR4,0.032,NA
eASTR4,0.032,NA
eASTR4,0.032,NA
eASTR4,0.032,NA
eASTR4,0.032,NA
eASTR4,0.032,NA
eASMO9,62500,21.76
eASMO9,62500,22.04
eASMO9,62500,21.94
eASMO9,62500,22.08
eASMO9,62500,21.58
eASMO9,62500,22.01
eASMO9,62500,21.75
eASMO9,62500,22
eASMO9,12500,24.45
eASMO9,12500,24.3
eASMO9,12500,24.03
eASMO9,12500,24.31
eASMO9,12500,24.03
eASMO9,12500,24.2
eASMO9,12500,24.2
eASMO9,12500,24.34
eASMO9,2500,26.62
eASMO9,2500,26.8
eASMO9,2500,26.75
eASMO9,2500,27.02
eASMO9,2500,26.38
eASMO9,2500,26.73
eASMO9,2500,26.47
eASMO9,2500,26.8
eASMO9,500,29.13
eASMO9,500,29.1
eASMO9,500,29.19
eASMO9,500,29.44
eASMO9,500,29.08
eASMO9,500,29.26
eASMO9,500,29.17
eASMO9,500,29.99
eASMO9,100,31.61
eASMO9,100,31.97
eASMO9,100,31.5
eASMO9,100,31.89
eASMO9,100,31.25
eASMO9,100,31.33
eASMO9,100,31.27
eASMO9,100,31.83
eASMO9,100,31.69
eASMO9,100,32.29
eASMO9,100,32.19
eASMO9,100,32.24
eASMO9,100,32.04
eASMO9,100,32.47
eASMO9,100,32.34
eASMO9,100,32.41
eASMO9,100,32.42
eASMO9,100,32.39
eASMO9,100,32
eASMO9,100,31.97
eASMO9,100,32.04
eASMO9,100,32.2
eASMO9,100,32.3
eASMO9,100,32.36
eASMO9,20,34.41
eASMO9,20,33.42
eASMO9,20,33.9
eASMO9,20,33.63
eASMO9,20,34.63
eASMO9,20,34.09
eASMO9,20,34.47
eASMO9,20,34.59
eASMO9,20,34.68
eASMO9,20,35.07
eASMO9,20,35.22
eASMO9,20,34.81
eASMO9,20,34.21
eASMO9,20,34.52
eASMO9,20,36.36
eASMO9,20,35.7
eASMO9,20,34.71
eASMO9,20,34.49
eASMO9,20,34.51
eASMO9,20,35.34
eASMO9,20,35.24
eASMO9,20,35.58
eASMO9,20,35.61
eASMO9,20,34.75
eASMO9,4,36.65
eASMO9,4,36.44
eASMO9,4,38.58
eASMO9,4,37.04
eASMO9,4,36.68
eASMO9,4,35.44
eASMO9,4,35.41
eASMO9,4,36.38
eASMO9,4,38
eASMO9,4,35.99
eASMO9,4,38.55
eASMO9,4,37.01
eASMO9,4,36.56
eASMO9,4,NA
eASMO9,4,37.09
eASMO9,4,39.03
eASMO9,4,NA
eASMO9,4,37.44
eASMO9,4,36.61
eASMO9,4,38.29
eASMO9,4,38.97
eASMO9,4,38.74
eASMO9,4,38.75
eASMO9,4,39.15
eASMO9,0.8,37.9
eASMO9,0.8,37.83
eASMO9,0.8,NA
eASMO9,0.8,
eASMO9,0.8,36.63
eASMO9,0.8,NA
eASMO9,0.8,NA
eASMO9,0.8,40.11
eASMO9,0.8,37.32
eASMO9,0.8,38.28
eASMO9,0.8,NA
eASMO9,0.8,NA
eASMO9,0.8,36.04
eASMO9,0.8,NA
eASMO9,0.8,39.18
eASMO9,0.8,NA
eASMO9,0.8,NA
eASMO9,0.8,39.64
eASMO9,0.8,NA
eASMO9,0.8,NA
eASMO9,0.8,NA
eASMO9,0.8,38.97
eASMO9,0.8,40.33
eASMO9,0.8,NA
eASMO9,0.16,NA
eASMO9,0.16,NA
eASMO9,0.16,NA
eASMO9,0.16,NA
eASMO9,0.16,37.69
eASMO9,0.16,NA
eASMO9,0.16,37.67
eASMO9,0.16,NA
eASMO9,0.16,NA
eASMO9,0.16,NA
eASMO9,0.16,NA
eASMO9,0.16,NA
eASMO9,0.16,38.07
eASMO9,0.16,NA
eASMO9,0.16,NA
eASMO9,0.16,NA
eASMO9,0.16,39.42
eASMO9,0.16,NA
eASMO9,0.16,NA
eASMO9,0.16,NA
eASMO9,0.16,38.42
eASMO9,0.16,38.2
eASMO9,0.16,NA
eASMO9,0.16,NA
eASMO9,0.032,NA
eASMO9,0.032,NA
eASMO9,0.032,NA
eASMO9,0.032,NA
eASMO9,0.032,NA
eASMO9,0.032,NA
eASMO9,0.032,NA
eASMO9,0.032,NA
eASMO9,0.032,NA
eASMO9,0.032,NA
eASMO9,0.032,NA
eASMO9,0.032,NA
eASMO9,0.032,NA
eASMO9,0.032,NA
eASMO9,0.032,NA
eASMO9,0.032,NA
eASMO9,0.032,NA
eASMO9,0.032,NA
eASMO9,0.032,NA
eASMO9,0.032,NA
eASMO9,0.032,NA
eASMO9,0.032,NA
eASMO9,0.032,NA
eASMO9,0.032,NA
eLIPI1,62500,21.73089885
eLIPI1,62500,21.58403041
eLIPI1,62500,21.82921014
eLIPI1,62500,21.89136837
eLIPI1,62500,21.64624307
eLIPI1,62500,21.78691857
eLIPI1,62500,22.09017495
eLIPI1,62500,21.94816156
eLIPI1,12500,24.32579891
eLIPI1,12500,24.62198665
eLIPI1,12500,24.27024745
eLIPI1,12500,24.38549185
eLIPI1,12500,24.4379886
eLIPI1,12500,24.27827274
eLIPI1,12500,24.53563394
eLIPI1,12500,24.648376
eLIPI1,2500,27.00375296
eLIPI1,2500,27.0470929
eLIPI1,2500,27.03922845
eLIPI1,2500,27.03382968
eLIPI1,2500,27.10728233
eLIPI1,2500,27.0910974
eLIPI1,2500,27.11903687
eLIPI1,2500,27.16423293
eLIPI1,500,29.45302403
eLIPI1,500,29.49431474
eLIPI1,500,29.31332081
eLIPI1,500,29.57008354
eLIPI1,500,29.38435483
eLIPI1,500,29.54906917
eLIPI1,500,29.75309321
eLIPI1,500,30.0344668
eLIPI1,100,32.01653683
eLIPI1,100,32.14361094
eLIPI1,100,32.23685357
eLIPI1,100,32.13880079
eLIPI1,100,32.42860127
eLIPI1,100,32.24205425
eLIPI1,100,32.39009407
eLIPI1,100,32.51202566
eLIPI1,100,32.15522376
eLIPI1,100,32.3843399
eLIPI1,100,31.94032018
eLIPI1,100,32.40441417
eLIPI1,100,31.57180999
eLIPI1,100,31.82655524
eLIPI1,100,31.75214569
eLIPI1,100,32.45748876
eLIPI1,100,32.34382508
eLIPI1,100,32.09034856
eLIPI1,100,31.89330541
eLIPI1,100,32.0348569
eLIPI1,100,32.01125489
eLIPI1,100,31.71959825
eLIPI1,100,32.01963963
eLIPI1,100,32.0927133
eLIPI1,20,34.03169476
eLIPI1,20,34.59740097
eLIPI1,20,34.32901655
eLIPI1,20,34.88805394
eLIPI1,20,34.67058413
eLIPI1,20,34.41397951
eLIPI1,20,34.96121132
eLIPI1,20,34.46421756
eLIPI1,20,34.8362659
eLIPI1,20,34.49831022
eLIPI1,20,34.76904901
eLIPI1,20,34.31030707
eLIPI1,20,34.48605204
eLIPI1,20,34.73413354
eLIPI1,20,34.6098943
eLIPI1,20,35.39219452
eLIPI1,20,34.12988849
eLIPI1,20,34.77124854
eLIPI1,20,35.19426197
eLIPI1,20,34.24776401
eLIPI1,20,34.35208109
eLIPI1,20,34.28020518
eLIPI1,20,34.35589227
eLIPI1,20,34.50826801
eLIPI1,4,35.91
eLIPI1,4,37.71
eLIPI1,4,35.36
eLIPI1,4,35.78
eLIPI1,4,35.56
eLIPI1,4,36.77
eLIPI1,4,35.8
eLIPI1,4,36.28
eLIPI1,4,36.13
eLIPI1,4,37.2
eLIPI1,4,38.69
eLIPI1,4,35.84
eLIPI1,4,37.01
eLIPI1,4,36.44
eLIPI1,4,38.22
eLIPI1,4,39.06
eLIPI1,4,36.11
eLIPI1,4,36.31
eLIPI1,4,36.31
eLIPI1,4,36.01
eLIPI1,4,36.1
eLIPI1,4,NA
eLIPI1,4,38.92
eLIPI1,4,39.69
eLIPI1,0.8,36.95
eLIPI1,0.8,NA
eLIPI1,0.8,38.53
eLIPI1,0.8,NA
eLIPI1,0.8,36.43
eLIPI1,0.8,NA
eLIPI1,0.8,NA
eLIPI1,0.8,39.4
eLIPI1,0.8,NA
eLIPI1,0.8,NA
eLIPI1,0.8,38.76
eLIPI1,0.8,NA
eLIPI1,0.8,37.73
eLIPI1,0.8,37.97
eLIPI1,0.8,38.1
eLIPI1,0.8,NA
eLIPI1,0.8,NA
eLIPI1,0.8,38.16
eLIPI1,0.8,NA
eLIPI1,0.8,38.52
eLIPI1,0.8,NA
eLIPI1,0.8,NA
eLIPI1,0.8,38.35
eLIPI1,0.8,NA
eLIPI1,0.16,38.26
eLIPI1,0.16,NA
eLIPI1,0.16,NA
eLIPI1,0.16,NA
eLIPI1,0.16,NA
eLIPI1,0.16,39.21
eLIPI1,0.16,NA
eLIPI1,0.16,NA
eLIPI1,0.16,NA
eLIPI1,0.16,NA
eLIPI1,0.16,39.06
eLIPI1,0.16,NA
eLIPI1,0.16,NA
eLIPI1,0.16,36.94
eLIPI1,0.16,NA
eLIPI1,0.16,NA
eLIPI1,0.16,37.87
eLIPI1,0.16,NA
eLIPI1,0.16,NA
eLIPI1,0.16,NA
eLIPI1,0.16,NA
eLIPI1,0.16,NA
eLIPI1,0.16,NA
eLIPI1,0.16,NA
eLIPI1,0.032,NA
eLIPI1,0.032,NA
eLIPI1,0.032,NA
eLIPI1,0.032,NA
eLIPI1,0.032,NA
eLIPI1,0.032,NA
eLIPI1,0.032,NA
eLIPI1,0.032,NA
eLIPI1,0.032,NA
eLIPI1,0.032,NA
eLIPI1,0.032,NA
eLIPI1,0.032,NA
eLIPI1,0.032,NA
eLIPI1,0.032,NA
eLIPI1,0.032,NA
eLIPI1,0.032,NA
eLIPI1,0.032,NA
eLIPI1,0.032,NA
eLIPI1,0.032,NA
eLIPI1,0.032,NA
eLIPI1,0.032,NA
eLIPI1,0.032,NA
eLIPI1,0.032,NA
eLIPI1,0.032,NA
eFISH1,62500,21.8
eFISH1,62500,22.03
eFISH1,62500,21.9
eFISH1,62500,22.05
eFISH1,62500,21.7
eFISH1,62500,22.06
eFISH1,62500,21.95
eFISH1,62500,22.31
eFISH1,12500,24.22
eFISH1,12500,24.51
eFISH1,12500,24.24
eFISH1,12500,24.33
eFISH1,12500,24.87
eFISH1,12500,24.19
eFISH1,12500,24.2
eFISH1,12500,24.56
eFISH1,2500,26.97
eFISH1,2500,26.78
eFISH1,2500,26.61
eFISH1,2500,27.09
eFISH1,2500,26.9
eFISH1,2500,26.87
eFISH1,2500,26.92
eFISH1,2500,27.14
eFISH1,500,29.19
eFISH1,500,29.69
eFISH1,500,28.94
eFISH1,500,29.38
eFISH1,500,29.23
eFISH1,500,29.36
eFISH1,500,29.47
eFISH1,500,29.99
eFISH1,100,32.01
eFISH1,100,32.06
eFISH1,100,31.37
eFISH1,100,31.93
eFISH1,100,31.44
eFISH1,100,32.04
eFISH1,100,32.2
eFISH1,100,33.16
eFISH1,100,33.06
eFISH1,100,32.41
eFISH1,100,32.42
eFISH1,100,33.12
eFISH1,100,31.79
eFISH1,100,32.55
eFISH1,100,32.76
eFISH1,100,32.82
eFISH1,100,32.84
eFISH1,100,32.64
eFISH1,100,32.66
eFISH1,100,32.45
eFISH1,100,31.93
eFISH1,100,32.4
eFISH1,100,33.11
eFISH1,100,33.16
eFISH1,20,35.18
eFISH1,20,34.04
eFISH1,20,35.32
eFISH1,20,34.24
eFISH1,20,35.03
eFISH1,20,33.59
eFISH1,20,34.42
eFISH1,20,34.67
eFISH1,20,34.26
eFISH1,20,35.53
eFISH1,20,34.52
eFISH1,20,36.24
eFISH1,20,35.18
eFISH1,20,34.45
eFISH1,20,34.6
eFISH1,20,35.78
eFISH1,20,36.08
eFISH1,20,34.78
eFISH1,20,34.28
eFISH1,20,34.61
eFISH1,20,33.95
eFISH1,20,35.92
eFISH1,20,35.24
eFISH1,20,34.66
eFISH1,4,36.45
eFISH1,4,36.33
eFISH1,4,NA
eFISH1,4,36.35
eFISH1,4,36.36
eFISH1,4,36.12
eFISH1,4,NA
eFISH1,4,36.95
eFISH1,4,39.15
eFISH1,4,NA
eFISH1,4,NA
eFISH1,4,37.94
eFISH1,4,35.88
eFISH1,4,36.26
eFISH1,4,36.26
eFISH1,4,39.08
eFISH1,4,37.77
eFISH1,4,36.82
eFISH1,4,NA
eFISH1,4,38.04
eFISH1,4,38.08
eFISH1,4,36.66
eFISH1,4,38.19
eFISH1,4,NA
eFISH1,4,36.36
eFISH1,4,36.49
eFISH1,4,36.35
eFISH1,4,35.19
eFISH1,4,36.14
eFISH1,4,37.58
eFISH1,4,35.14
eFISH1,4,37.23
eFISH1,3,NA
eFISH1,3,NA
eFISH1,3,36.49
eFISH1,3,38.39
eFISH1,3,39.22
eFISH1,3,NA
eFISH1,3,NA
eFISH1,3,37.91
eFISH1,3,NA
eFISH1,3,38.14
eFISH1,3,37.19
eFISH1,3,NA
eFISH1,3,NA
eFISH1,3,36.63
eFISH1,3,37.35
eFISH1,3,NA
eFISH1,3,NA
eFISH1,3,36.46
eFISH1,3,NA
eFISH1,3,37.27
eFISH1,3,NA
eFISH1,3,38.06
eFISH1,3,39.26
eFISH1,3,39.18
eFISH1,3,36.32
eFISH1,3,35.8
eFISH1,3,36.06
eFISH1,3,36.89
eFISH1,3,35.49
eFISH1,3,37.11
eFISH1,3,36.3
eFISH1,3,36.43
eFISH1,3,37.41
eFISH1,3,37.33
eFISH1,3,37.97
eFISH1,3,NA
eFISH1,3,35.47
eFISH1,3,38.63
eFISH1,3,36.26
eFISH1,3,NA
eFISH1,3,36.54
eFISH1,3,35.94
eFISH1,3,37.43
eFISH1,3,37.53
eFISH1,3,36.73
eFISH1,3,NA
eFISH1,3,NA
eFISH1,3,NA
eFISH1,2,NA
eFISH1,2,38.72
eFISH1,2,37.98
eFISH1,2,38.18
eFISH1,2,NA
eFISH1,2,36.3
eFISH1,2,38.12
eFISH1,2,37.6
eFISH1,2,39.23
eFISH1,2,NA
eFISH1,2,38.53
eFISH1,2,NA
eFISH1,2,NA
eFISH1,2,NA
eFISH1,2,37.85
eFISH1,2,37.53
eFISH1,2,37.13
eFISH1,2,NA
eFISH1,2,NA
eFISH1,2,NA
eFISH1,2,38.17
eFISH1,2,NA
eFISH1,2,40.21
eFISH1,2,37.93
eFISH1,2,36.38
eFISH1,2,35.63
eFISH1,2,38.22
eFISH1,2,NA
eFISH1,2,37.04
eFISH1,2,NA
eFISH1,2,38.26
eFISH1,2,38.79
eFISH1,2,NA
eFISH1,2,37.25
eFISH1,2,NA
eFISH1,2,NA
eFISH1,2,36.3
eFISH1,2,37.22
eFISH1,2,38.14
eFISH1,2,37.86
eFISH1,2,40.84
eFISH1,2,39.21
eFISH1,2,35.74
eFISH1,2,36.97
eFISH1,2,NA
eFISH1,2,37.44
eFISH1,2,37.22
eFISH1,2,37.42
eFISH1,1,NA
eFISH1,1,NA
eFISH1,1,37.95
eFISH1,1,NA
eFISH1,1,37.37
eFISH1,1,NA
eFISH1,1,38.09
eFISH1,1,NA
eFISH1,1,37.94
eFISH1,1,37.69
eFISH1,1,NA
eFISH1,1,NA
eFISH1,1,NA
eFISH1,1,NA
eFISH1,1,NA
eFISH1,1,NA
eFISH1,1,NA
eFISH1,1,39.14
eFISH1,1,NA
eFISH1,1,36.44
eFISH1,1,NA
eFISH1,1,39.12
eFISH1,1,NA
eFISH1,1,NA
eFISH1,1,NA
eFISH1,1,NA
eFISH1,1,NA
eFISH1,1,NA
eFISH1,1,38.01
eFISH1,1,NA
eFISH1,1,NA
eFISH1,1,NA
eFISH1,1,NA
eFISH1,1,NA
eFISH1,1,NA
eFISH1,1,NA
eFISH1,1,36.21
eFISH1,1,37.28
eFISH1,1,NA
eFISH1,1,37.03
eFISH1,1,38.31
eFISH1,1,NA
eFISH1,1,NA
eFISH1,1,NA
eFISH1,1,37.11
eFISH1,1,NA
eFISH1,1,NA
eFISH1,1,NA
eFISH1,0.8,NA
eFISH1,0.8,39.03
eFISH1,0.8,NA
eFISH1,0.8,NA
eFISH1,0.8,38.4
eFISH1,0.8,37.46
eFISH1,0.8,NA
eFISH1,0.8,NA
eFISH1,0.8,NA
eFISH1,0.8,NA
eFISH1,0.8,NA
eFISH1,0.8,38.8
eFISH1,0.8,37.84
eFISH1,0.8,38.24
eFISH1,0.8,38.73
eFISH1,0.8,37.66
eFISH1,0.8,NA
eFISH1,0.8,NA
eFISH1,0.8,NA
eFISH1,0.8,NA
eFISH1,0.8,NA
eFISH1,0.8,39.07
eFISH1,0.8,NA
eFISH1,0.8,37.97
eFISH1,0.8,NA
eFISH1,0.8,NA
eFISH1,0.8,38.3
eFISH1,0.8,NA
eFISH1,0.8,NA
eFISH1,0.8,NA
eFISH1,0.8,NA
eFISH1,0.8,39.16
eFISH1,0.16,NA
eFISH1,0.16,NA
eFISH1,0.16,NA
eFISH1,0.16,NA
eFISH1,0.16,NA
eFISH1,0.16,NA
eFISH1,0.16,NA
eFISH1,0.16,NA
eFISH1,0.16,NA
eFISH1,0.16,NA
eFISH1,0.16,NA
eFISH1,0.16,NA
eFISH1,0.16,NA
eFISH1,0.16,NA
eFISH1,0.16,NA
eFISH1,0.16,NA
eFISH1,0.16,NA
eFISH1,0.16,NA
eFISH1,0.16,NA
eFISH1,0.16,NA
eFISH1,0.16,NA
eFISH1,0.16,NA
eFISH1,0.16,NA
eFISH1,0.16,NA
eFISH1,0.032,NA
eFISH1,0.032,NA
eFISH1,0.032,NA
eFISH1,0.032,NA
eFISH1,0.032,NA
eFISH1,0.032,NA
eFISH1,0.032,NA
eFISH1,0.032,NA
eFISH1,0.032,NA
eFISH1,0.032,33.96
eFISH1,0.032,NA
eFISH1,0.032,NA
eFISH1,0.032,NA
eFISH1,0.032,NA
eFISH1,0.032,NA
eFISH1,0.032,NA
eFISH1,0.032,NA
eFISH1,0.032,NA
eFISH1,0.032,NA
eFISH1,0.032,NA
eFISH1,0.032,NA
eFISH1,0.032,NA
eFISH1,0.032,NA
eFISH1,0.032,NA
eMIDO1,62500,21.68613617
eMIDO1,62500,21.22890256
eMIDO1,62500,21.52436888
eMIDO1,62500,21.45119844
eMIDO1,62500,21.74519582
eMIDO1,62500,21.5242392
eMIDO1,62500,21.90254603
eMIDO1,62500,22.15849043
eMIDO1,12500,24.23877951
eMIDO1,12500,24.41334838
eMIDO1,12500,24.33713025
eMIDO1,12500,24.1882038
eMIDO1,12500,24.32708972
eMIDO1,12500,24.41149748
eMIDO1,12500,24.34465556
eMIDO1,12500,24.7560158
eMIDO1,2500,26.88959175
eMIDO1,2500,27.32068858
eMIDO1,2500,27.15360973
eMIDO1,2500,27.19399255
eMIDO1,2500,27.2139833
eMIDO1,2500,27.23487485
eMIDO1,2500,27.4051701
eMIDO1,2500,27.5506768
eMIDO1,500,30.02854658
eMIDO1,500,29.82107532
eMIDO1,500,30.02524407
eMIDO1,500,30.21139464
eMIDO1,500,30.02010027
eMIDO1,500,30.19206242
eMIDO1,500,30.22913031
eMIDO1,500,30.22112543
eMIDO1,100,32.4
eMIDO1,100,33.02
eMIDO1,100,32.4
eMIDO1,100,32.81
eMIDO1,100,32.28
eMIDO1,100,33.18
eMIDO1,100,32.81
eMIDO1,100,33.31
eMIDO1,100,33
eMIDO1,100,32.54
eMIDO1,100,32.56
eMIDO1,100,32.76
eMIDO1,100,32.31
eMIDO1,100,32.59
eMIDO1,100,32.53
eMIDO1,100,33.8
eMIDO1,100,32.07719642
eMIDO1,100,32.27398471
eMIDO1,100,32.25710186
eMIDO1,100,32.16596504
eMIDO1,100,32.08079223
eMIDO1,100,32.03599446
eMIDO1,100,32.30884623
eMIDO1,100,32.25256289
eMIDO1,20,35.95
eMIDO1,20,35.42
eMIDO1,20,35.89
eMIDO1,20,35.95
eMIDO1,20,36.39
eMIDO1,20,35.35
eMIDO1,20,35.45
eMIDO1,20,35.39
eMIDO1,20,35.23
eMIDO1,20,35.2
eMIDO1,20,35.65
eMIDO1,20,35.5
eMIDO1,20,35.11
eMIDO1,20,34.61
eMIDO1,20,35.95
eMIDO1,20,34.93
eMIDO1,20,34.48
eMIDO1,20,35.94
eMIDO1,20,35.07
eMIDO1,20,34.71
eMIDO1,20,35
eMIDO1,20,34.33
eMIDO1,20,34.99
eMIDO1,20,34.5
eMIDO1,4,37.85
eMIDO1,4,38.46
eMIDO1,4,37.82
eMIDO1,4,38.31
eMIDO1,4,36.68
eMIDO1,4,38.02
eMIDO1,4,40.09
eMIDO1,4,37.09
eMIDO1,4,37.29
eMIDO1,4,37.19
eMIDO1,4,40.07
eMIDO1,4,37.61
eMIDO1,4,38.49
eMIDO1,4,37.35
eMIDO1,4,37.65
eMIDO1,4,39.08
eMIDO1,4,39.44
eMIDO1,4,38.1
eMIDO1,4,37.63
eMIDO1,4,NA
eMIDO1,4,36.6
eMIDO1,4,36.68
eMIDO1,4,36.51
eMIDO1,4,39.79
eMIDO1,0.8,39.21
eMIDO1,0.8,38.63
eMIDO1,0.8,38.81
eMIDO1,0.8,39.65
eMIDO1,0.8,NA
eMIDO1,0.8,38.95
eMIDO1,0.8,39.19
eMIDO1,0.8,NA
eMIDO1,0.8,39.82
eMIDO1,0.8,NA
eMIDO1,0.8,38.86
eMIDO1,0.8,39.02
eMIDO1,0.8,40.09
eMIDO1,0.8,NA
eMIDO1,0.8,39.4
eMIDO1,0.8,NA
eMIDO1,0.8,38.62
eMIDO1,0.8,39.42
eMIDO1,0.8,39.76
eMIDO1,0.8,NA
eMIDO1,0.8,NA
eMIDO1,0.8,38.3
eMIDO1,0.8,37.88
eMIDO1,0.8,NA
eMIDO1,0.16,42.51
eMIDO1,0.16,NA
eMIDO1,0.16,NA
eMIDO1,0.16,NA
eMIDO1,0.16,NA
eMIDO1,0.16,NA
eMIDO1,0.16,NA
eMIDO1,0.16,NA
eMIDO1,0.16,NA
eMIDO1,0.16,NA
eMIDO1,0.16,NA
eMIDO1,0.16,NA
eMIDO1,0.16,NA
eMIDO1,0.16,NA
eMIDO1,0.16,NA
eMIDO1,0.16,NA
eMIDO1,0.16,NA
eMIDO1,0.16,NA
eMIDO1,0.16,NA
eMIDO1,0.16,41.49
eMIDO1,0.16,NA
eMIDO1,0.16,NA
eMIDO1,0.16,NA
eMIDO1,0.16,NA
eMIDO1,0.032,NA
eMIDO1,0.032,NA
eMIDO1,0.032,NA
eMIDO1,0.032,NA
eMIDO1,0.032,NA
eMIDO1,0.032,NA
eMIDO1,0.032,NA
eMIDO1,0.032,NA
eMIDO1,0.032,NA
eMIDO1,0.032,NA
eMIDO1,0.032,NA
eMIDO1,0.032,NA
eMIDO1,0.032,NA
eMIDO1,0.032,NA
eMIDO1,0.032,NA
eMIDO1,0.032,NA
eMIDO1,0.032,NA
eMIDO1,0.032,NA
eMIDO1,0.032,NA
eMIDO1,0.032,NA
eMIDO1,0.032,NA
eMIDO1,0.032,NA
eMIDO1,0.032,NA
eMIDO1,0.032,NA
eMISA2,62500,21.48376637
eMISA2,62500,21.06814557
eMISA2,62500,21.28808079
eMISA2,62500,21.33524518
eMISA2,62500,21.10073795
eMISA2,62500,21.43191534
eMISA2,62500,21.51838251
eMISA2,62500,21.8111732
eMISA2,12500,24.02712257
eMISA2,12500,23.98645037
eMISA2,12500,23.9491317
eMISA2,12500,23.91931935
eMISA2,12500,24.00187807
eMISA2,12500,24.11168613
eMISA2,12500,24.30877747
eMISA2,12500,24.59223312
eMISA2,2500,26.62174704
eMISA2,2500,26.71450208
eMISA2,2500,26.47952607
eMISA2,2500,26.53590248
eMISA2,2500,26.50712454
eMISA2,2500,26.59494252
eMISA2,2500,26.94812459
eMISA2,2500,27.22200175
eMISA2,500,29.44943606
eMISA2,500,29.60081798
eMISA2,500,29.31061801
eMISA2,500,29.20882001
eMISA2,500,29.1993363
eMISA2,500,29.1930274
eMISA2,500,29.58618764
eMISA2,500,29.95914828
eMISA2,100,32.09
eMISA2,100,32.11
eMISA2,100,32.08
eMISA2,100,31.67
eMISA2,100,31.69
eMISA2,100,32.04
eMISA2,100,32.08
eMISA2,100,32.35
eMISA2,100,32.31
eMISA2,100,31.8
eMISA2,100,31.66
eMISA2,100,32.24
eMISA2,100,31.52
eMISA2,100,32.13
eMISA2,100,32.49
eMISA2,100,32.63
eMISA2,100,31.59459712
eMISA2,100,31.4281491
eMISA2,100,31.89000014
eMISA2,100,31.57214147
eMISA2,100,31.58024253
eMISA2,100,31.45984851
eMISA2,100,31.51719765
eMISA2,100,31.40972962
eMISA2,20,34.75673867
eMISA2,20,34.16805174
eMISA2,20,34.67139399
eMISA2,20,34.95876755
eMISA2,20,35.07798761
eMISA2,20,33.94205287
eMISA2,20,35.47195769
eMISA2,20,35.03070811
eMISA2,20,33.85192578
eMISA2,20,34.43756249
eMISA2,20,34.0120688
eMISA2,20,34.65637632
eMISA2,20,34.44754296
eMISA2,20,34.01602202
eMISA2,20,35.47445379
eMISA2,20,33.70071994
eMISA2,20,34.18
eMISA2,20,34.17
eMISA2,20,34.34
eMISA2,20,34.25
eMISA2,20,33.85
eMISA2,20,33.67
eMISA2,20,34.26
eMISA2,20,34.13
eMISA2,4,NA
eMISA2,4,NA
eMISA2,4,36.38070133
eMISA2,4,38.00595615
eMISA2,4,36.03603143
eMISA2,4,37.4838403
eMISA2,4,NA
eMISA2,4,36.35683715
eMISA2,4,36.52158706
eMISA2,4,37.04218886
eMISA2,4,36.00214706
eMISA2,4,37.11812769
eMISA2,4,35.90276208
eMISA2,4,37.88656678
eMISA2,4,38.12535612
eMISA2,4,39.36842779
eMISA2,4,38.86
eMISA2,4,35.07
eMISA2,4,39.04
eMISA2,4,36.39
eMISA2,4,36.94
eMISA2,4,36.65
eMISA2,4,37.29
eMISA2,4,38.11
eMISA2,0.8,38.30929672
eMISA2,0.8,39.34329356
eMISA2,0.8,39.08595087
eMISA2,0.8,NA
eMISA2,0.8,38.80117973
eMISA2,0.8,NA
eMISA2,0.8,NA
eMISA2,0.8,NA
eMISA2,0.8,NA
eMISA2,0.8,38.17609401
eMISA2,0.8,37.74791913
eMISA2,0.8,NA
eMISA2,0.8,NA
eMISA2,0.8,NA
eMISA2,0.8,NA
eMISA2,0.8,NA
eMISA2,0.8,39.41
eMISA2,0.8,NA
eMISA2,0.8,NA
eMISA2,0.8,NA
eMISA2,0.8,NA
eMISA2,0.8,38.6
eMISA2,0.8,38.03
eMISA2,0.8,38.21
eMISA2,0.16,NA
eMISA2,0.16,39.08310546
eMISA2,0.16,NA
eMISA2,0.16,NA
eMISA2,0.16,NA
eMISA2,0.16,NA
eMISA2,0.16,NA
eMISA2,0.16,NA
eMISA2,0.16,NA
eMISA2,0.16,NA
eMISA2,0.16,NA
eMISA2,0.16,NA
eMISA2,0.16,NA
eMISA2,0.16,NA
eMISA2,0.16,NA
eMISA2,0.16,NA
eMISA2,0.16,NA
eMISA2,0.16,NA
eMISA2,0.16,NA
eMISA2,0.16,37.74
eMISA2,0.16,NA
eMISA2,0.16,NA
eMISA2,0.16,37.38
eMISA2,0.16,NA
eMISA2,0.032,NA
eMISA2,0.032,NA
eMISA2,0.032,NA
eMISA2,0.032,NA
eMISA2,0.032,NA
eMISA2,0.032,NA
eMISA2,0.032,NA
eMISA2,0.032,NA
eMISA2,0.032,NA
eMISA2,0.032,NA
eMISA2,0.032,NA
eMISA2,0.032,NA
eMISA2,0.032,NA
eMISA2,0.032,NA
eMISA2,0.032,NA
eMISA2,0.032,NA
eMISA2,0.032,NA
eMISA2,0.032,NA
eMISA2,0.032,NA
eMISA2,0.032,NA
eMISA2,0.032,NA
eMISA2,0.032,NA
eMISA2,0.032,NA
eMISA2,0.032,NA
eONKI4,62500,21.11986855
eONKI4,62500,21.3406197
eONKI4,62500,21.1158895
eONKI4,62500,21.42831418
eONKI4,62500,21.10738318
eONKI4,62500,21.40730702
eONKI4,62500,21.29379019
eONKI4,62500,21.69546878
eONKI4,12500,23.61880951
eONKI4,12500,23.7515603
eONKI4,12500,23.664613
eONKI4,12500,23.71045624
eONKI4,12500,23.34440853
eONKI4,12500,23.44339988
eONKI4,12500,23.5105429
eONKI4,12500,23.9306899
eONKI4,2500,26.02120416
eONKI4,2500,26.27034105
eONKI4,2500,26.01196319
eONKI4,2500,26.25019805
eONKI4,2500,25.87115815
eONKI4,2500,26.08868428
eONKI4,2500,26.13517148
eONKI4,2500,26.40644955
eONKI4,500,28.38812551
eONKI4,500,28.64735442
eONKI4,500,28.08660965
eONKI4,500,28.64394148
eONKI4,500,28.31565451
eONKI4,500,28.49751269
eONKI4,500,28.76925871
eONKI4,500,29.11957048
eONKI4,100,31.01855693
eONKI4,100,30.85825796
eONKI4,100,30.5575066
eONKI4,100,30.72551717
eONKI4,100,30.31119017
eONKI4,100,30.9235415
eONKI4,100,31.07114507
eONKI4,100,31.4650197
eONKI4,100,32.05
eONKI4,100,32.17
eONKI4,100,32.71
eONKI4,100,32.57
eONKI4,100,32.39
eONKI4,100,32.05
eONKI4,100,32.48
eONKI4,100,32.89
eONKI4,100,32.07
eONKI4,100,32.54
eONKI4,100,32.38
eONKI4,100,32.33
eONKI4,100,32.29
eONKI4,100,32.02
eONKI4,100,32.95
eONKI4,100,32.34
eONKI4,20,33.57086506
eONKI4,20,33.51335611
eONKI4,20,34.00557637
eONKI4,20,33.32088151
eONKI4,20,33.05154903
eONKI4,20,33.10019479
eONKI4,20,32.86136757
eONKI4,20,33.09171577
eONKI4,20,34.3
eONKI4,20,34.32
eONKI4,20,34.69
eONKI4,20,33.61
eONKI4,20,34.55
eONKI4,20,34.04
eONKI4,20,35.27
eONKI4,20,33.44
eONKI4,20,33.69
eONKI4,20,34.48
eONKI4,20,35.22
eONKI4,20,33.96
eONKI4,20,33.17
eONKI4,20,33.33
eONKI4,20,33.52
eONKI4,20,34.02
eONKI4,4,36.03
eONKI4,4,36
eONKI4,4,38.95
eONKI4,4,38.4
eONKI4,4,35
eONKI4,4,37.59
eONKI4,4,NA
eONKI4,4,NA
eONKI4,4,35.44
eONKI4,4,36.46
eONKI4,4,35.57
eONKI4,4,36.27
eONKI4,4,36.3
eONKI4,4,36.94
eONKI4,4,37.05
eONKI4,4,NA
eONKI4,4,46.66
eONKI4,4,37.35
eONKI4,4,36.15
eONKI4,4,35.7
eONKI4,4,37.75
eONKI4,4,36.28
eONKI4,4,36.79
eONKI4,4,35.72
eONKI4,4,37.7
eONKI4,4,NA
eONKI4,4,NA
eONKI4,4,38.46
eONKI4,4,NA
eONKI4,4,37.44
eONKI4,4,37.47
eONKI4,4,39.34
eONKI4,3,39.02665248
eONKI4,3,35.16518677
eONKI4,3,36.97205746
eONKI4,3,34.69249615
eONKI4,3,34.93443306
eONKI4,3,35.53872319
eONKI4,3,38.12834632
eONKI4,3,35.92338421
eONKI4,3,36.42843749
eONKI4,3,36.47864306
eONKI4,3,NA
eONKI4,3,37.06489778
eONKI4,3,36.18962495
eONKI4,3,36.09238726
eONKI4,3,NA
eONKI4,3,38.50633365
eONKI4,3,37.37329348
eONKI4,3,NA
eONKI4,3,35.34745953
eONKI4,3,36.47996542
eONKI4,3,37.90407144
eONKI4,3,39.93595997
eONKI4,3,37.03759155
eONKI4,3,NA
eONKI4,3,NA
eONKI4,3,36.13
eONKI4,3,39.49
eONKI4,3,NA
eONKI4,3,NA
eONKI4,3,37.53
eONKI4,3,35.77
eONKI4,3,37.88
eONKI4,3,38.14
eONKI4,3,NA
eONKI4,3,36.17
eONKI4,3,38.29
eONKI4,3,NA
eONKI4,3,NA
eONKI4,3,NA
eONKI4,3,37.89
eONKI4,3,37.62
eONKI4,3,39.18
eONKI4,3,36.89
eONKI4,3,NA
eONKI4,3,37.85
eONKI4,3,39.01
eONKI4,3,37.24
eONKI4,3,NA
eONKI4,2,34.71689563
eONKI4,2,NA
eONKI4,2,36.82177729
eONKI4,2,NA
eONKI4,2,37.12685574
eONKI4,2,NA
eONKI4,2,36.5162695
eONKI4,2,39.06645065
eONKI4,2,38.63425407
eONKI4,2,34.3581671
eONKI4,2,35.78035332
eONKI4,2,35.3748893
eONKI4,2,36.68825344
eONKI4,2,35.85205156
eONKI4,2,36.22670901
eONKI4,2,36.76929888
eONKI4,2,38.14268622
eONKI4,2,38.36502823
eONKI4,2,37.34239235
eONKI4,2,38.80551943
eONKI4,2,NA
eONKI4,2,NA
eONKI4,2,39.30247201
eONKI4,2,38.44696411
eONKI4,2,NA
eONKI4,2,39.43
eONKI4,2,36.06
eONKI4,2,37.65
eONKI4,2,NA
eONKI4,2,37.93
eONKI4,2,37.74
eONKI4,2,NA
eONKI4,2,NA
eONKI4,2,NA
eONKI4,2,NA
eONKI4,2,NA
eONKI4,2,37.04
eONKI4,2,NA
eONKI4,2,NA
eONKI4,2,NA
eONKI4,2,NA
eONKI4,2,37.14
eONKI4,2,37.89
eONKI4,2,NA
eONKI4,2,37.09
eONKI4,2,NA
eONKI4,2,38.23
eONKI4,2,NA
eONKI4,1,NA
eONKI4,1,NA
eONKI4,1,35.44524131
eONKI4,1,37.97252956
eONKI4,1,NA
eONKI4,1,38.30357273
eONKI4,1,38.59878333
eONKI4,1,37.56051215
eONKI4,1,NA
eONKI4,1,38.08647743
eONKI4,1,NA
eONKI4,1,37.09667225
eONKI4,1,NA
eONKI4,1,NA
eONKI4,1,NA
eONKI4,1,NA
eONKI4,1,NA
eONKI4,1,37.05383917
eONKI4,1,37.3280026
eONKI4,1,37.19059508
eONKI4,1,36.7510951
eONKI4,1,37.95394278
eONKI4,1,NA
eONKI4,1,37.66153942
eONKI4,1,37.85
eONKI4,1,NA
eONKI4,1,NA
eONKI4,1,37.64
eONKI4,1,NA
eONKI4,1,NA
eONKI4,1,37.24
eONKI4,1,NA
eONKI4,1,NA
eONKI4,1,38.08
eONKI4,1,NA
eONKI4,1,37.55
eONKI4,1,NA
eONKI4,1,NA
eONKI4,1,38.19
eONKI4,1,38.19
eONKI4,1,NA
eONKI4,1,NA
eONKI4,1,NA
eONKI4,1,NA
eONKI4,1,NA
eONKI4,1,NA
eONKI4,1,NA
eONKI4,1,NA
eONKI4,0.8,NA
eONKI4,0.8,NA
eONKI4,0.8,NA
eONKI4,0.8,38.12
eONKI4,0.8,38.03
eONKI4,0.8,NA
eONKI4,0.8,NA
eONKI4,0.8,38.36
eONKI4,0.8,37.13
eONKI4,0.8,NA
eONKI4,0.8,NA
eONKI4,0.8,35.82
eONKI4,0.8,NA
eONKI4,0.8,NA
eONKI4,0.8,37.18
eONKI4,0.8,36.55
eONKI4,0.8,NA
eONKI4,0.8,36.22
eONKI4,0.8,36.88
eONKI4,0.8,39.43
eONKI4,0.8,37.64
eONKI4,0.8,37.66
eONKI4,0.8,37.07
eONKI4,0.8,36.62
eONKI4,0.8,NA
eONKI4,0.8,NA
eONKI4,0.8,NA
eONKI4,0.8,NA
eONKI4,0.8,NA
eONKI4,0.8,NA
eONKI4,0.8,NA
eONKI4,0.8,NA
eONKI4,0.16,NA
eONKI4,0.16,NA
eONKI4,0.16,NA
eONKI4,0.16,37.81
eONKI4,0.16,NA
eONKI4,0.16,NA
eONKI4,0.16,NA
eONKI4,0.16,NA
eONKI4,0.16,NA
eONKI4,0.16,NA
eONKI4,0.16,NA
eONKI4,0.16,42.08
eONKI4,0.16,NA
eONKI4,0.16,38.86
eONKI4,0.16,NA
eONKI4,0.16,39.63
eONKI4,0.16,NA
eONKI4,0.16,43.01
eONKI4,0.16,NA
eONKI4,0.16,NA
eONKI4,0.16,NA
eONKI4,0.16,NA
eONKI4,0.16,38.04
eONKI4,0.16,NA
eONKI4,0.032,NA
eONKI4,0.032,NA
eONKI4,0.032,NA
eONKI4,0.032,NA
eONKI4,0.032,NA
eONKI4,0.032,NA
eONKI4,0.032,38.49
eONKI4,0.032,NA
eONKI4,0.032,NA
eONKI4,0.032,NA
eONKI4,0.032,NA
eONKI4,0.032,NA
eONKI4,0.032,37.47
eONKI4,0.032,NA
eONKI4,0.032,NA
eONKI4,0.032,NA
eONKI4,0.032,NA
eONKI4,0.032,38.67
eONKI4,0.032,NA
eONKI4,0.032,NA
eONKI4,0.032,NA
eONKI4,0.032,NA
eONKI4,0.032,NA
eONKI4,0.032,NA
eRAAU1,62500,21.76
eRAAU1,62500,21.54
eRAAU1,62500,21.71
eRAAU1,62500,21.8
eRAAU1,62500,21.45
eRAAU1,62500,21.56
eRAAU1,62500,21.82
eRAAU1,62500,21.81
eRAAU1,12500,24.08
eRAAU1,12500,24.18
eRAAU1,12500,24.12
eRAAU1,12500,24.25
eRAAU1,12500,24.03
eRAAU1,12500,24.05
eRAAU1,12500,24.21
eRAAU1,12500,24.32
eRAAU1,2500,26.39
eRAAU1,2500,26.82
eRAAU1,2500,26.57
eRAAU1,2500,26.56
eRAAU1,2500,26.38
eRAAU1,2500,26.48
eRAAU1,2500,26.87
eRAAU1,2500,26.85
eRAAU1,500,29.16
eRAAU1,500,28.97
eRAAU1,500,28.82
eRAAU1,500,28.94
eRAAU1,500,29.11
eRAAU1,500,29.07
eRAAU1,500,29.36
eRAAU1,500,29.45
eRAAU1,100,32.04
eRAAU1,100,31.79
eRAAU1,100,31.41
eRAAU1,100,31.81
eRAAU1,100,31.32
eRAAU1,100,31.73
eRAAU1,100,32.12
eRAAU1,100,31.68
eRAAU1,100,31.93
eRAAU1,100,32.14
eRAAU1,100,31.58
eRAAU1,100,32.08
eRAAU1,100,31.8
eRAAU1,100,31.88
eRAAU1,100,31.74
eRAAU1,100,32.29
eRAAU1,100,31.68
eRAAU1,100,31.65
eRAAU1,100,32.04
eRAAU1,100,31.99
eRAAU1,100,31.96
eRAAU1,100,32.07
eRAAU1,100,32.09
eRAAU1,100,31.98
eRAAU1,20,33.34
eRAAU1,20,34.04
eRAAU1,20,34.12
eRAAU1,20,33.65
eRAAU1,20,34.05
eRAAU1,20,36.26
eRAAU1,20,34.01
eRAAU1,20,34.12
eRAAU1,20,34.51
eRAAU1,20,34.91
eRAAU1,20,34.43
eRAAU1,20,33.68
eRAAU1,20,34.78
eRAAU1,20,34.33
eRAAU1,20,34.11
eRAAU1,20,35.15
eRAAU1,20,33.8
eRAAU1,20,33.8
eRAAU1,20,34.23
eRAAU1,20,34.32
eRAAU1,20,33.84
eRAAU1,20,33.7
eRAAU1,20,34.65
eRAAU1,20,35.85
eRAAU1,4,37.68
eRAAU1,4,41.06
eRAAU1,4,37.09
eRAAU1,4,37.91
eRAAU1,4,36.86
eRAAU1,4,36.84
eRAAU1,4,36.43
eRAAU1,4,37.34
eRAAU1,4,37.13
eRAAU1,4,NA
eRAAU1,4,36.55
eRAAU1,4,NA
eRAAU1,4,37.46
eRAAU1,4,36.73
eRAAU1,4,37.14
eRAAU1,4,38.4
eRAAU1,4,36.88
eRAAU1,4,39.72
eRAAU1,4,35.19
eRAAU1,4,NA
eRAAU1,4,37.06
eRAAU1,4,38.13
eRAAU1,4,36.52
eRAAU1,4,NA
eRAAU1,0.8,NA
eRAAU1,0.8,NA
eRAAU1,0.8,NA
eRAAU1,0.8,37.76
eRAAU1,0.8,37.7
eRAAU1,0.8,NA
eRAAU1,0.8,NA
eRAAU1,0.8,NA
eRAAU1,0.8,NA
eRAAU1,0.8,NA
eRAAU1,0.8,NA
eRAAU1,0.8,NA
eRAAU1,0.8,38.32
eRAAU1,0.8,NA
eRAAU1,0.8,37.2
eRAAU1,0.8,NA
eRAAU1,0.8,NA
eRAAU1,0.8,NA
eRAAU1,0.8,NA
eRAAU1,0.8,NA
eRAAU1,0.8,37.22
eRAAU1,0.8,36.77
eRAAU1,0.8,38.97
eRAAU1,0.8,NA
eRAAU1,0.16,NA
eRAAU1,0.16,NA
eRAAU1,0.16,37.71
eRAAU1,0.16,38.54
eRAAU1,0.16,NA
eRAAU1,0.16,NA
eRAAU1,0.16,NA
eRAAU1,0.16,NA
eRAAU1,0.16,NA
eRAAU1,0.16,NA
eRAAU1,0.16,NA
eRAAU1,0.16,NA
eRAAU1,0.16,NA
eRAAU1,0.16,NA
eRAAU1,0.16,NA
eRAAU1,0.16,NA
eRAAU1,0.16,NA
eRAAU1,0.16,NA
eRAAU1,0.16,NA
eRAAU1,0.16,NA
eRAAU1,0.16,NA
eRAAU1,0.16,NA
eRAAU1,0.16,NA
eRAAU1,0.16,NA
eRAAU1,0.032,NA
eRAAU1,0.032,NA
eRAAU1,0.032,NA
eRAAU1,0.032,NA
eRAAU1,0.032,NA
eRAAU1,0.032,NA
eRAAU1,0.032,NA
eRAAU1,0.032,NA
eRAAU1,0.032,NA
eRAAU1,0.032,NA
eRAAU1,0.032,NA
eRAAU1,0.032,NA
eRAAU1,0.032,NA
eRAAU1,0.032,NA
eRAAU1,0.032,NA
eRAAU1,0.032,NA
eRAAU1,0.032,38.26
eRAAU1,0.032,NA
eRAAU1,0.032,NA
eRAAU1,0.032,NA
eRAAU1,0.032,NA
eRAAU1,0.032,NA
eRAAU1,0.032,NA
eRAAU1,0.032,NA
eRACA2,62500,22.83
eRACA2,62500,23.37
eRACA2,62500,23.22
eRACA2,62500,23.42
eRACA2,62500,23.67
eRACA2,62500,23.42
eRACA2,62500,23.68
eRACA2,62500,23.66
eRACA2,12500,26.19
eRACA2,12500,26.35
eRACA2,12500,26.24
eRACA2,12500,26.24
eRACA2,12500,26.27
eRACA2,12500,26.03
eRACA2,12500,26.53
eRACA2,12500,26.29
eRACA2,2500,28.87
eRACA2,2500,29.13
eRACA2,2500,29.16
eRACA2,2500,28.91
eRACA2,2500,29.23
eRACA2,2500,28.96
eRACA2,2500,29.32
eRACA2,2500,29.51
eRACA2,500,31.6
eRACA2,500,31.57
eRACA2,500,31.43
eRACA2,500,31.79
eRACA2,500,31.83
eRACA2,500,32.16
eRACA2,500,32.2
eRACA2,500,32.19
eRACA2,100,34.68
eRACA2,100,34.47
eRACA2,100,34.08
eRACA2,100,35.08
eRACA2,100,34.26
eRACA2,100,34.73
eRACA2,100,35.06
eRACA2,100,35.18
eRACA2,100,35.58
eRACA2,100,35.28
eRACA2,100,35.01
eRACA2,100,35.25
eRACA2,100,34.71
eRACA2,100,34.76
eRACA2,100,35.42
eRACA2,100,35.54
eRACA2,100,35.06
eRACA2,100,35.52
eRACA2,100,34.59
eRACA2,100,35.41
eRACA2,100,34.32
eRACA2,100,34.59
eRACA2,100,35.54
eRACA2,100,35.18
eRACA2,20,37.3
eRACA2,20,37.45
eRACA2,20,36.3
eRACA2,20,37.29
eRACA2,20,36.63
eRACA2,20,36.59
eRACA2,20,37.66
eRACA2,20,38.2
eRACA2,20,38.95
eRACA2,20,38.13
eRACA2,20,37
eRACA2,20,37.98
eRACA2,20,37.15
eRACA2,20,38.73
eRACA2,20,37.86
eRACA2,20,39.08
eRACA2,20,37.77
eRACA2,20,37.8
eRACA2,20,38.79
eRACA2,20,38.1
eRACA2,20,37.21
eRACA2,20,38.28
eRACA2,20,38.29
eRACA2,20,37.75
eRACA2,4,40.94
eRACA2,4,39.99
eRACA2,4,38.73
eRACA2,4,NA
eRACA2,4,39.19
eRACA2,4,40.62
eRACA2,4,40.13
eRACA2,4,41.06
eRACA2,4,41.17
eRACA2,4,42.81
eRACA2,4,41.77
eRACA2,4,NA
eRACA2,4,NA
eRACA2,4,38.65
eRACA2,4,39.39
eRACA2,4,40.84
eRACA2,4,40.3
eRACA2,4,41.55
eRACA2,4,39.05
eRACA2,4,39.23
eRACA2,4,40.81
eRACA2,4,40.33
eRACA2,4,39.04
eRACA2,4,39.72
eRACA2,0.8,NA
eRACA2,0.8,40.93
eRACA2,0.8,41.83
eRACA2,0.8,NA
eRACA2,0.8,40.3
eRACA2,0.8,NA
eRACA2,0.8,42.19
eRACA2,0.8,NA
eRACA2,0.8,40.96
eRACA2,0.8,NA
eRACA2,0.8,NA
eRACA2,0.8,41.04
eRACA2,0.8,41.74
eRACA2,0.8,42.08
eRACA2,0.8,NA
eRACA2,0.8,NA
eRACA2,0.8,41.91
eRACA2,0.8,NA
eRACA2,0.8,NA
eRACA2,0.8,NA
eRACA2,0.8,42.07
eRACA2,0.8,42.09
eRACA2,0.8,NA
eRACA2,0.8,NA
eRACA2,0.16,NA
eRACA2,0.16,NA
eRACA2,0.16,NA
eRACA2,0.16,NA
eRACA2,0.16,NA
eRACA2,0.16,NA
eRACA2,0.16,NA
eRACA2,0.16,NA
eRACA2,0.16,NA
eRACA2,0.16,NA
eRACA2,0.16,NA
eRACA2,0.16,NA
eRACA2,0.16,NA
eRACA2,0.16,NA
eRACA2,0.16,NA
eRACA2,0.16,NA
eRACA2,0.16,NA
eRACA2,0.16,NA
eRACA2,0.16,NA
eRACA2,0.16,NA
eRACA2,0.16,NA
eRACA2,0.16,NA
eRACA2,0.16,NA
eRACA2,0.16,NA
eRACA2,0.032,NA
eRACA2,0.032,NA
eRACA2,0.032,NA
eRACA2,0.032,NA
eRACA2,0.032,NA
eRACA2,0.032,NA
eRACA2,0.032,NA
eRACA2,0.032,NA
eRACA2,0.032,NA
eRACA2,0.032,NA
eRACA2,0.032,NA
eRACA2,0.032,NA
eRACA2,0.032,NA
eRACA2,0.032,NA
eRACA2,0.032,NA
eRACA2,0.032,NA
eRACA2,0.032,NA
eRACA2,0.032,NA
eRACA2,0.032,NA
eRACA2,0.032,NA
eRACA2,0.032,NA
eRACA2,0.032,NA
eRACA2,0.032,NA
eRACA2,0.032,NA
eRALU2,62500,22.18
eRALU2,62500,22.5
eRALU2,62500,22.5
eRALU2,62500,22.7
eRALU2,62500,22.4
eRALU2,62500,22.78
eRALU2,62500,22.76
eRALU2,62500,22.76
eRALU2,12500,25.04
eRALU2,12500,25.16
eRALU2,12500,25.23
eRALU2,12500,25.1
eRALU2,12500,25.13
eRALU2,12500,25.3
eRALU2,12500,25.34
eRALU2,12500,25.37
eRALU2,2500,27.94
eRALU2,2500,28.11
eRALU2,2500,28.11
eRALU2,2500,27.17
eRALU2,2500,28.01
eRALU2,2500,27.91
eRALU2,2500,28.01
eRALU2,2500,28.2
eRALU2,500,30.2
eRALU2,500,30.43
eRALU2,500,30.4
eRALU2,500,30.67
eRALU2,500,30.27
eRALU2,500,30.81
eRALU2,500,30.8
eRALU2,500,30.96
eRALU2,100,33.12
eRALU2,100,33.65
eRALU2,100,33.24
eRALU2,100,33.02
eRALU2,100,32.97
eRALU2,100,32.65
eRALU2,100,33.33
eRALU2,100,33.33
eRALU2,100,33.19
eRALU2,100,33
eRALU2,100,33.08
eRALU2,100,32.92
eRALU2,100,32.96
eRALU2,100,33.19
eRALU2,100,33.29
eRALU2,100,33.4
eRALU2,100,33.2
eRALU2,100,33.28
eRALU2,100,33.14
eRALU2,100,33.2
eRALU2,100,33.16
eRALU2,100,33.1
eRALU2,100,33.29
eRALU2,100,33.63
eRALU2,20,35.99
eRALU2,20,36.35
eRALU2,20,35.23
eRALU2,20,35.51
eRALU2,20,36.29
eRALU2,20,36.38
eRALU2,20,35.49
eRALU2,20,37
eRALU2,20,35.43
eRALU2,20,35.14
eRALU2,20,35.18
eRALU2,20,36.83
eRALU2,20,35.18
eRALU2,20,34.49
eRALU2,20,35.18
eRALU2,20,36.13
eRALU2,20,35.57
eRALU2,20,35.89
eRALU2,20,34.78
eRALU2,20,35.47
eRALU2,20,37.42
eRALU2,20,35.39
eRALU2,20,35.18
eRALU2,20,35.94
eRALU2,4,40.57
eRALU2,4,38.27
eRALU2,4,39.03
eRALU2,4,37.53
eRALU2,4,38.64
eRALU2,4,40.28
eRALU2,4,39.27
eRALU2,4,43.12
eRALU2,4,NA
eRALU2,4,37.6
eRALU2,4,37.3
eRALU2,4,37.82
eRALU2,4,NA
eRALU2,4,37.84
eRALU2,4,NA
eRALU2,4,39.8
eRALU2,4,37.02
eRALU2,4,NA
eRALU2,4,37.64
eRALU2,4,37.1
eRALU2,4,39.48
eRALU2,4,37.69
eRALU2,4,37
eRALU2,4,39.91
eRALU2,0.8,NA
eRALU2,0.8,41.07
eRALU2,0.8,NA
eRALU2,0.8,NA
eRALU2,0.8,39.84
eRALU2,0.8,40.1
eRALU2,0.8,40.26
eRALU2,0.8,NA
eRALU2,0.8,NA
eRALU2,0.8,NA
eRALU2,0.8,NA
eRALU2,0.8,NA
eRALU2,0.8,NA
eRALU2,0.8,NA
eRALU2,0.8,NA
eRALU2,0.8,NA
eRALU2,0.8,NA
eRALU2,0.8,39.56
eRALU2,0.8,NA
eRALU2,0.8,NA
eRALU2,0.8,NA
eRALU2,0.8,NA
eRALU2,0.8,NA
eRALU2,0.8,NA
eRALU2,0.16,NA
eRALU2,0.16,NA
eRALU2,0.16,NA
eRALU2,0.16,NA
eRALU2,0.16,NA
eRALU2,0.16,NA
eRALU2,0.16,NA
eRALU2,0.16,NA
eRALU2,0.16,NA
eRALU2,0.16,NA
eRALU2,0.16,NA
eRALU2,0.16,NA
eRALU2,0.16,NA
eRALU2,0.16,40.03
eRALU2,0.16,NA
eRALU2,0.16,NA
eRALU2,0.16,NA
eRALU2,0.16,NA
eRALU2,0.16,NA
eRALU2,0.16,38.4
eRALU2,0.16,NA
eRALU2,0.16,NA
eRALU2,0.16,NA
eRALU2,0.16,NA
eRALU2,0.032,NA
eRALU2,0.032,NA
eRALU2,0.032,NA
eRALU2,0.032,NA
eRALU2,0.032,NA
eRALU2,0.032,NA
eRALU2,0.032,NA
eRALU2,0.032,NA
eRALU2,0.032,NA
eRALU2,0.032,39.22
eRALU2,0.032,NA
eRALU2,0.032,NA
eRALU2,0.032,NA
eRALU2,0.032,NA
eRALU2,0.032,NA
eRALU2,0.032,NA
eRALU2,0.032,NA
eRALU2,0.032,NA
eRALU2,0.032,NA
eRALU2,0.032,NA
eRALU2,0.032,NA
eRALU2,0.032,NA
eRALU2,0.032,NA
eRALU2,0.032,NA
eRAPR2,62500,24.1
eRAPR2,62500,24.24
eRAPR2,62500,24.12
eRAPR2,62500,24.28
eRAPR2,62500,24.06
eRAPR2,62500,23.85
eRAPR2,62500,24.56
eRAPR2,62500,24.69
eRAPR2,12500,27.24
eRAPR2,12500,27.27
eRAPR2,12500,26.89
eRAPR2,12500,26.92
eRAPR2,12500,26.91
eRAPR2,12500,27.08
eRAPR2,12500,27.11
eRAPR2,12500,27.52
eRAPR2,2500,30.34
eRAPR2,2500,30.08
eRAPR2,2500,30.04
eRAPR2,2500,30.02
eRAPR2,2500,30
eRAPR2,2500,29.5
eRAPR2,2500,30.25
eRAPR2,2500,30.49
eRAPR2,500,33.28
eRAPR2,500,33.14
eRAPR2,500,33.15
eRAPR2,500,33.4
eRAPR2,500,33.1
eRAPR2,500,33.14
eRAPR2,500,33.28
eRAPR2,500,33.92
eRAPR2,100,36.05
eRAPR2,100,36.2
eRAPR2,100,36.14
eRAPR2,100,35.86
eRAPR2,100,36.14
eRAPR2,100,36.29
eRAPR2,100,36.33
eRAPR2,100,36.79
eRAPR2,100,36.93
eRAPR2,100,36.83
eRAPR2,100,36.82
eRAPR2,100,36.72
eRAPR2,100,36.55
eRAPR2,100,36.83
eRAPR2,100,36.73
eRAPR2,100,37
eRAPR2,100,36.91
eRAPR2,100,36.93
eRAPR2,100,36.74
eRAPR2,100,37.15
eRAPR2,100,36.17
eRAPR2,100,36.39
eRAPR2,100,36.43
eRAPR2,100,36.54
eRAPR2,20,39.15
eRAPR2,20,39.09
eRAPR2,20,39.17
eRAPR2,20,38.33
eRAPR2,20,38.85
eRAPR2,20,38.94
eRAPR2,20,39.39
eRAPR2,20,39.6
eRAPR2,20,39.8
eRAPR2,20,39.17
eRAPR2,20,40.03
eRAPR2,20,39.58
eRAPR2,20,39.26
eRAPR2,20,38.97
eRAPR2,20,39.45
eRAPR2,20,39.25
eRAPR2,20,39.07
eRAPR2,20,39.31
eRAPR2,20,39.52
eRAPR2,20,40.23
eRAPR2,20,38.93
eRAPR2,20,39.32
eRAPR2,20,39.41
eRAPR2,20,39.64
eRAPR2,4,42.98
eRAPR2,4,43.06
eRAPR2,4,42.17
eRAPR2,4,NA
eRAPR2,4,41.88
eRAPR2,4,42.4
eRAPR2,4,44.53
eRAPR2,4,41.3
eRAPR2,4,43.13
eRAPR2,4,40.67
eRAPR2,4,42.13
eRAPR2,4,42.1
eRAPR2,4,41.11
eRAPR2,4,42.77
eRAPR2,4,41.5
eRAPR2,4,NA
eRAPR2,4,43.19
eRAPR2,4,41.38
eRAPR2,4,42.17
eRAPR2,4,43.71
eRAPR2,4,43.11
eRAPR2,4,41.16
eRAPR2,4,40.6
eRAPR2,4,41.71
eRAPR2,0.8,44.26
eRAPR2,0.8,43.68
eRAPR2,0.8,44.76
eRAPR2,0.8,44.93
eRAPR2,0.8,NA
eRAPR2,0.8,NA
eRAPR2,0.8,44.72
eRAPR2,0.8,44.93
eRAPR2,0.8,NA
eRAPR2,0.8,NA
eRAPR2,0.8,44.6
eRAPR2,0.8,45.11
eRAPR2,0.8,NA
eRAPR2,0.8,NA
eRAPR2,0.8,42.6
eRAPR2,0.8,NA
eRAPR2,0.8,NA
eRAPR2,0.8,43.94
eRAPR2,0.8,NA
eRAPR2,0.8,NA
eRAPR2,0.8,43.62
eRAPR2,0.8,NA
eRAPR2,0.8,NA
eRAPR2,0.8,45.2
eRAPR2,0.16,NA
eRAPR2,0.16,NA
eRAPR2,0.16,NA
eRAPR2,0.16,NA
eRAPR2,0.16,NA
eRAPR2,0.16,NA
eRAPR2,0.16,45.02
eRAPR2,0.16,NA
eRAPR2,0.16,NA
eRAPR2,0.16,NA
eRAPR2,0.16,NA
eRAPR2,0.16,NA
eRAPR2,0.16,NA
eRAPR2,0.16,NA
eRAPR2,0.16,44.59
eRAPR2,0.16,NA
eRAPR2,0.16,NA
eRAPR2,0.16,NA
eRAPR2,0.16,NA
eRAPR2,0.16,NA
eRAPR2,0.16,NA
eRAPR2,0.16,NA
eRAPR2,0.16,NA
eRAPR2,0.16,NA
eRAPR2,0.032,NA
eRAPR2,0.032,NA
eRAPR2,0.032,NA
eRAPR2,0.032,NA
eRAPR2,0.032,NA
eRAPR2,0.032,NA
eRAPR2,0.032,NA
eRAPR2,0.032,44.3
eRAPR2,0.032,NA
eRAPR2,0.032,NA
eRAPR2,0.032,NA
eRAPR2,0.032,NA
eRAPR2,0.032,NA
eRAPR2,0.032,NA
eRAPR2,0.032,NA
eRAPR2,0.032,NA
eRAPR2,0.032,NA
eRAPR2,0.032,NA
eRAPR2,0.032,NA
eRAPR2,0.032,NA
eRAPR2,0.032,NA
eRAPR2,0.032,NA
eRAPR2,0.032,NA
eRAPR2,0.032,NA
eONKI4,0,NA
eONKI4,0,NA
eONKI4,0,NA
eONKI4,0,NA
eONKI4,0,NA
eONKI4,0,NA
eONKI4,0,NA
eONKI4,0,NA
eONKI4,0,NA
eONKI4,0,NA
eONKI4,0,NA
eONKI4,0,NA
eONKI4,0,NA
eONKI4,0,NA
eONKI4,0,NA
eONKI4,0,NA
eONKI4,0,NA
eONKI4,0,NA
eONKI4,0,NA
eONKI4,0,NA
eONKI4,0,NA
eONKI4,0,NA
eONKI4,0,NA
eONKI4,0,NA
eFISH1,0,NA
eFISH1,0,NA
eFISH1,0,NA
eFISH1,0,NA
eFISH1,0,NA
eFISH1,0,NA
eFISH1,0,NA
eFISH1,0,NA
eFISH1,0,NA
eFISH1,0,NA
eFISH1,0,NA
eFISH1,0,NA
eFISH1,0,NA
eFISH1,0,NA
eFISH1,0,NA
eFISH1,0,NA
eFISH1,0,NA
eFISH1,0,NA
eFISH1,0,NA
eFISH1,0,NA
eFISH1,0,NA
eFISH1,0,NA
eFISH1,0,NA
eFISH1,0,NA
eFISH1,0,NA
eFISH1,0,NA
eFISH1,0,NA
eFISH1,0,NA
eFISH1,0,NA
eFISH1,0,NA
eFISH1,0,NA
eFISH1,0,NA
eFISH1,0,NA
eFISH1,0,NA
eFISH1,0,NA
eFISH1,0,NA
eFISH1,0,NA
eFISH1,0,NA
eFISH1,0,NA
eFISH1,0,NA
eFISH1,0,NA
eFISH1,0,NA
eFISH1,0,NA
eFISH1,0,NA
eFISH1,0,NA
eFISH1,0,NA
eFISH1,0,NA
eFISH1,0,NA
eONKI4,0,NA
eONKI4,0,NA
eONKI4,0,NA
eONKI4,0,NA
eONKI4,0,NA
eONKI4,0,NA
eONKI4,0,NA
eONKI4,0,NA
eONKI4,0,NA
eONKI4,0,NA
eONKI4,0,NA
eONKI4,0,NA
eONKI4,0,NA
eONKI4,0,NA
eONKI4,0,NA
eONKI4,0,NA
eONKI4,0,NA
eONKI4,0,NA
eONKI4,0,NA
eONKI4,0,NA
eONKI4,0,NA
eONKI4,0,NA
eONKI4,0,NA
eONKI4,0,NA
